{
  "meta": {
    "generated_at": "2026-01-12T08:30:01Z",
    "iterations": 100000,
    "seed": 321
  },
  "slippage_model": {
    "seconds": 1.22642,
    "peak_mb": 0.001154,
    "ops_per_sec": 81538.16
  },
  "fee_model": {
    "seconds": 1.004697,
    "peak_mb": 0.001428,
    "ops_per_sec": 99532.47
  }
}