{
  "meta": {
    "num_bars": 20000,
    "generated_at": "2026-01-03T21:37:38Z"
  },
  "first_run_seconds": 0.43613,
  "first_peak_mb": 2.907292,
  "second_run_seconds": 0.336732,
  "second_peak_mb": 3.077716,
  "profile_top20": "         501007 function calls (500995 primitive calls) in 0.336 seconds\n\n   Ordered by: cumulative time\n   List reduced from 103 to 20 due to restriction <20>\n\n   ncalls  tottime  percall  cumtime  percall filename:lineno(function)\n        1    0.032    0.032    0.336    0.336 event_engine.py:51(run)\n        1    0.000    0.000    0.131    0.131 indicator_cache.py:1109(get_cached_indicator_cache)\n        1    0.000    0.000    0.131    0.131 indicator_cache.py:29(__init__)\n        2    0.091    0.046    0.131    0.066 indicator_cache.py:45(_ensure_df)\n    20000    0.072    0.000    0.126    0.000 strategy_wrapper.py:114(evaluate)\n   200282    0.039    0.000    0.039    0.000 {built-in method builtins.isinstance}\n    20000    0.020    0.000    0.026    0.000 portfolio.py:274(update)\n    20000    0.013    0.000    0.023    0.000 strategy_wrapper.py:394(get_primary_timeframe)\n    20000    0.011    0.000    0.016    0.000 symbol_data_slicer.py:83(set_index)\n    20000    0.011    0.000    0.014    0.000 symbol_data_slicer.py:118(latest)\n    40004    0.012    0.000    0.012    0.000 {built-in method builtins.hasattr}\n    20034    0.006    0.000    0.006    0.000 {method 'append' of 'list' objects}\n    20003    0.005    0.000    0.005    0.000 {method 'keys' of 'dict' objects}\n    19999    0.005    0.000    0.005    0.000 {method 'clear' of 'dict' objects}\n    20000    0.004    0.000    0.004    0.000 {built-in method builtins.callable}\n20083/20071    0.004    0.000    0.004    0.000 {built-in method builtins.len}\n    20000    0.004    0.000    0.004    0.000 strategy_wrapper.py:102(_effective_time)\n    20000    0.003    0.000    0.003    0.000 perf_event_engine.py:35(get_primary_timeframe)\n    20000    0.003    0.000    0.003    0.000 perf_event_engine.py:38(on_data)\n        2    0.000    0.000    0.001    0.001 frame.py:698(__init__)\n\n\n"
}