{
  "meta": {
    "generated_at": "2026-01-03T21:37:32Z",
    "bars": 30000,
    "timeframes": [
      "M5",
      "M15",
      "H1"
    ],
    "history_length": 50,
    "seed": 2024
  },
  "results": {
    "seconds": 0.731318,
    "peak_mb": 0.00932,
    "ops_per_sec": 123065.43
  }
}