{
  "meta": {
    "num_bars": 20000,
    "num_signals": 1000,
    "generated_at": "2026-01-12T08:30:07Z"
  },
  "first_run_seconds": 0.22344,
  "first_peak_mb": 1.133776,
  "second_run_seconds": 0.259385,
  "second_peak_mb": 1.162264,
  "profile_top20": "         140006 function calls in 0.090 seconds\n\n   Ordered by: cumulative time\n   List reduced from 38 to 20 due to restriction <20>\n\n   ncalls  tottime  percall  cumtime  percall filename:lineno(function)\n        1    0.000    0.000    0.091    0.091 perf_execution_simulator.py:122(<lambda>)\n        1    0.009    0.009    0.091    0.091 perf_execution_simulator.py:90(_run_sim)\n    20000    0.018    0.000    0.042    0.000 execution_simulator.py:312(evaluate_exits)\n     1000    0.011    0.000    0.039    0.000 execution_simulator.py:198(process_signal)\n     4000    0.004    0.000    0.017    0.000 slippage_and_fee.py:51(_should_use_rust)\n     2000    0.002    0.000    0.013    0.000 slippage_and_fee.py:119(apply)\n     4000    0.003    0.000    0.012    0.000 <frozen _collections_abc>:804(get)\n     2000    0.002    0.000    0.012    0.000 slippage_and_fee.py:251(calculate)\n     4000    0.004    0.000    0.009    0.000 <frozen os>:709(__getitem__)\n     2000    0.004    0.000    0.005    0.000 portfolio.py:353(register_fee)\n    29000    0.005    0.000    0.005    0.000 {built-in method builtins.getattr}\n     4000    0.002    0.000    0.004    0.000 <frozen os>:791(encode)\n     7001    0.002    0.000    0.004    0.000 execution_simulator.py:74(_get_spec)\n     4001    0.002    0.000    0.004    0.000 execution_simulator.py:66(_pip_size_for_symbol)\n     1000    0.001    0.000    0.003    0.000 execution_simulator.py:106(_quantize_volume)\n     1000    0.002    0.000    0.003    0.000 portfolio.py:393(register_exit)\n     2000    0.002    0.000    0.003    0.000 slippage_and_fee.py:161(_apply_rust)\n     2000    0.001    0.000    0.002    0.000 slippage_and_fee.py:281(_calculate_rust)\n     8001    0.002    0.000    0.002    0.000 {method 'get' of 'dict' objects}\n     6000    0.002    0.000    0.002    0.000 {method 'append' of 'list' objects}\n\n\n"
}