{
  "events": 20000,
  "first_run_seconds": 0.297887,
  "first_peak_mb": 11.572168,
  "second_run_seconds": 0.219311,
  "second_peak_mb": 10.982952,
  "profile_top25": "         320002 function calls in 0.203 seconds\n\n   Ordered by: cumulative time\n\n   ncalls  tottime  percall  cumtime  percall filename:lineno(function)\n        1    0.036    0.036    0.203    0.203 perf_portfolio.py:85(_process)\n    40000    0.067    0.000    0.090    0.000 portfolio.py:318(register_fee)\n    20000    0.027    0.000    0.041    0.000 portfolio.py:358(register_exit)\n    20000    0.019    0.000    0.023    0.000 portfolio.py:433(update)\n    80000    0.019    0.000    0.019    0.000 {method 'append' of 'list' objects}\n   100000    0.018    0.000    0.018    0.000 {built-in method builtins.getattr}\n    20000    0.008    0.000    0.013    0.000 portfolio.py:350(register_entry)\n    20000    0.005    0.000    0.005    0.000 {method 'remove' of 'list' objects}\n    20000    0.004    0.000    0.004    0.000 {built-in method builtins.hasattr}\n        1    0.000    0.000    0.000    0.000 {method 'disable' of '_lsprof.Profiler' objects}\n\n\n",
  "summary": {
    "Initial Balance": 100000.0,
    "Final Balance": 124158.05,
    "Equity": 124158.05,
    "Max Drawdown": 20593.78,
    "Drawdown Initial Balance": 14683.82,
    "Total Fees": 46666.02,
    "Total Lots": 15555.34,
    "Total Trades": 20000,
    "Expired Orders": 0,
    "Partial Closed Orders": 0,
    "Orders closed at Break Even": 0,
    "Avg R-Multiple": 0.012,
    "Winrate": 50.46,
    "Wins": 10091,
    "Losses": 9909
  },
  "meta": {
    "generated_at": "2026-01-09T10:19:54Z",
    "seed": 123,
    "sys_path_inserted": true
  }
}