{
  "meta": {
    "num_bars": 20000,
    "num_signals": 1000,
    "generated_at": "2026-01-03T21:37:40Z"
  },
  "first_run_seconds": 0.183035,
  "first_peak_mb": 1.13818,
  "second_run_seconds": 0.173885,
  "second_peak_mb": 1.1617,
  "profile_top20": "         106006 function calls in 0.067 seconds\n\n   Ordered by: cumulative time\n   List reduced from 29 to 20 due to restriction <20>\n\n   ncalls  tottime  percall  cumtime  percall filename:lineno(function)\n        1    0.000    0.000    0.069    0.069 perf_execution_simulator.py:119(<lambda>)\n        1    0.009    0.009    0.069    0.069 perf_execution_simulator.py:89(_run_sim)\n    20000    0.017    0.000    0.032    0.000 execution_simulator.py:309(evaluate_exits)\n     1000    0.011    0.000    0.026    0.000 execution_simulator.py:195(process_signal)\n     2000    0.003    0.000    0.005    0.000 portfolio.py:160(register_fee)\n    29000    0.005    0.000    0.005    0.000 {built-in method builtins.getattr}\n     7001    0.002    0.000    0.004    0.000 execution_simulator.py:71(_get_spec)\n     4001    0.002    0.000    0.004    0.000 execution_simulator.py:63(_pip_size_for_symbol)\n     1000    0.002    0.000    0.003    0.000 portfolio.py:200(register_exit)\n     1000    0.001    0.000    0.003    0.000 execution_simulator.py:103(_quantize_volume)\n     2000    0.001    0.000    0.003    0.000 slippage_and_fee.py:18(apply)\n     2000    0.001    0.000    0.002    0.000 random.py:494(uniform)\n     8001    0.002    0.000    0.002    0.000 {method 'get' of 'dict' objects}\n     6000    0.002    0.000    0.002    0.000 {method 'append' of 'list' objects}\n     1000    0.001    0.000    0.001    0.000 portfolio.py:51(close)\n     2000    0.001    0.000    0.001    0.000 slippage_and_fee.py:57(calculate)\n     1000    0.001    0.000    0.001    0.000 <string>:2(__init__)\n     5000    0.001    0.000    0.001    0.000 {built-in method builtins.hasattr}\n     1000    0.001    0.000    0.001    0.000 {built-in method builtins.round}\n     3000    0.001    0.000    0.001    0.000 {method 'setdefault' of 'dict' objects}\n\n\n"
}